Qubit,T1 (us),T2 (us),Frequency (GHz),Anharmonicity (GHz),Readout assignment error ,Prob meas0 prep1 ,Prob meas1 prep0 ,Readout length (ns),ID error ,vx (sx) error ,Pauli-X error ,ECR error ,Gate time (ns)
0,139.4558452,51.44979389,5.186889564,-0.300986738,0.1202,0.1202,0.1202,2000,0.00051513,0.00051513,0.00051513,0_26:0.01814288006928838,0_26:660
1,43.00545163,46.66115545,5.395565042,-0.299096826,0.0227,0.0098,0.0356,2000,0.000687048,0.000687048,0.000687048,1_2:0.01710339587704998; 1_0:0.01746424718295872,1_2:660; 1_0:660
2,119.2239251,67.51525172,5.215371666,-0.299967913,0.0241,0.0202,0.028,2000,0.000341422,0.000341422,0.000341422,2_3:0.01344070677579351,2_3:660
3,270.4280727,90.39668451,5.116568475,-0.302296456,0.2562,0.3652,0.1472,2000,0.000241768,0.000241768,0.000241768,undefined,undefined
4,80.2623599,56.60687665,5.49319182,-0.296875451,0.0206,0.0104,0.0308,2000,0.000665236,0.000665236,0.000665236,4_27:0.01685721604886481; 4_5:0.014802947848797321; 4_3:0.01750182636387196,4_27:660; 4_5:660; 4_3:660
5,98.86177463,80.4231466,5.307134553,-0.300465879,0.0117,0.011,0.0124,2000,0.000910353,0.000910353,0.000910353,5_6:0.009926580087704084,5_6:660
6,88.13041984,97.41190412,5.137426876,-0.302692528,0.0167,0.0206,0.0128,2000,0.000397366,0.000397366,0.000397366,6_7:0.016044637996575517,6_7:660
7,76.51255505,24.90666163,5.289984921,-0.299683495,0.0282,0.0254,0.031,2000,0.000764526,0.000764526,0.000764526,undefined,undefined
8,117.9063924,54.18667712,5.22054656,-0.299508461,0.1291,0.152,0.1062,2000,0.000499011,0.000499011,0.000499011,8_28:0.019703515084851936; 8_9:0.013816686708407827; 8_7:0.023633824937768888,8_28:660; 8_9:660; 8_7:660
9,133.3894179,48.44669739,5.060930773,-0.302169853,0.2463,0.2592,0.2334,2000,0.000350617,0.000350617,0.000350617,9_10:0.018664271022786116,9_10:660
10,69.72680666,97.85767028,5.095428218,-0.302921507,0.0318,0.0362,0.0274,2000,0.000581169,0.000581169,0.000581169,10_11:0.020126489455456004,10_11:660
11,125.3689821,51.93319817,5.03233601,-0.303252033,0.0222,0.0192,0.0252,2000,0.000462626,0.000462626,0.000462626,undefined,undefined
12,110.226497,88.20844845,5.205056105,-0.302206512,0.017,0.0144,0.0196,2000,0.000567751,0.000567751,0.000567751,12_29:0.04199820174939509; 12_11:0.018232056913833894,12_29:356; 12_11:660
13,98.15072332,99.38364078,5.298593247,-0.299812084,0.0129,0.012,0.0138,2000,0.000460567,0.000460567,0.000460567,13_14:0.015251735919790288; 13_12:0.014511149180958166,13_14:660; 13_12:660
14,71.19685873,53.8863408,5.461165473,-0.29641322,0.095,0.083333333,0.106666667,2000,0.000451197,0.000451197,0.000451197,14_15:0.08592602890960126,14_15:660
15,56.37883735,18.33440967,5.221219506,0,0.253333333,0.216666667,0.29,2000,0.000754811,0.000754811,0.000754811,undefined,undefined
16,76.19140515,41.85945011,5.307720991,-0.3000536,0.0166,0.0106,0.0226,2000,0.000619215,0.000619215,0.000619215,16_17:0.0355482786316319; 16_15:0.031960017650819156,16_17:660; 16_15:660
17,84.53015639,6.342526732,5.418757438,-0.29658785,0.051666667,0.07,0.033333333,2000,0.00113142,0.00113142,0.00113142,17_18:0.09773662170082513,17_18:660
18,88.0886613,8.281507049,5.267901757,-0.299345801,0.215,0.2,0.23,2000,0.00136364,0.00136364,0.00136364,18_19:0.04306733103252,18_19:660
19,105.0835963,19.72936696,5.230792766,-0.29897348,0.0279,0.0272,0.0286,2000,0.001081714,0.001081714,0.001081714,undefined,undefined
20,63.21079542,26.82441811,5.134899486,-0.302817578,0.13,0.123333333,0.136666667,2000,0.000565187,0.000565187,0.000565187,20_19:0.04269894010558467; 20_31:1,20_19:660; 20_31:660
21,97.10855319,21.53946849,5.231875232,-0.300371412,0.0228,0.0172,0.0284,2000,0.000972697,0.000972697,0.000972697,21_20:0.02527983031841452; 21_22:0.03494558954667967,21_20:660; 21_22:660
22,28.72406298,19.82897651,5.047011313,-0.301500049,0.0772,0.0926,0.0618,2000,0.001116681,0.001116681,0.001116681,22_23:0.04964504657913227,22_23:660
23,114.8489772,14.22610188,5.140514858,-0.302456884,0.0462,0.041,0.0514,2000,0.000792621,0.000792621,0.000792621,undefined,undefined
24,54.04188947,18.92084041,5.393909916,-0.298671422,0.201666667,0.223333333,0.18,2000,0.000797316,0.000797316,0.000797316,24_23:0.034622880071554396; 24_32:1,24_23:660; 24_32:660
25,62.85962677,7.610325752,5.357178721,-0.295529267,0.0582,0.0526,0.0638,2000,0.0011196,0.0011196,0.0011196,25_24:0.04921600634520387,25_24:660
26,64.40774776,75.27544724,5.153884268,-0.301292607,0.0153,0.016,0.0146,2000,0.000569048,0.000569048,0.000569048,undefined,undefined
27,118.3725783,10.82795603,5.286665253,-0.299046137,0.0163,0.016,0.0166,2000,0.000837232,0.000837232,0.000837232,undefined,undefined
28,75.63511235,68.21165749,5.276504087,-0.299345543,0.0637,0.0618,0.0656,2000,0.000507232,0.000507232,0.000507232,undefined,undefined
29,97.73240878,23.34879824,5.105860073,-0.302223218,0.151666667,0.246666667,0.056666667,2000,0.00333035,0.00333035,0.00333035,29_45:0.30213676813187323,29_45:660
30,80.45188812,89.17591689,5.140157686,-0.301325902,0.0163,0.0214,0.0112,2000,0.00053277,0.00053277,0.00053277,30_16:0.01574130475270738,30_16:660
31,115.9795439,10.64521043,5.192818147,0,0.121666667,0.11,0.133333333,2000,0.003932878,0.003932878,0.003932878,undefined,undefined
32,121.8084842,68.34907545,5.082551445,-0.302120477,0.086666667,0.106666667,0.066666667,2000,0.001283735,0.001283735,0.001283735,undefined,undefined
33,164.953266,90.10102974,5.081480928,-0.303118085,0.0154,0.0156,0.0152,2000,0.000471832,0.000471832,0.000471832,33_26:0.014436874968468516,33_26:660
34,47.52412269,55.74186166,5.503803291,-0.292098117,0.029,0.0306,0.0274,2000,0.000537749,0.000537749,0.000537749,34_33:0.027134942035720783; 34_35:0.014567854437850913,34_33:1260; 34_35:660
35,111.3025969,65.49212297,5.311587449,-0.300038113,0.0178,0.0212,0.0144,2000,0.000496221,0.000496221,0.000496221,35_36:0.012237161316545758,35_36:660
36,77.9345511,58.58599774,5.103911186,-0.301750056,0.186,0.2016,0.1704,2000,0.000492796,0.000492796,0.000492796,36_37:0.03633238106158332,36_37:660
37,62.24058908,12.46968799,5.140342511,-0.372899143,0.1042,0.104,0.1044,2000,0.002801749,0.002801749,0.002801749,37_27:0.03215163653592698,37_27:660
38,90.30111095,10.73856457,5.383038102,-0.294790734,0.198333333,0.19,0.206666667,2000,0.000519982,0.000519982,0.000519982,38_37:0.03188702356565229; 38_39:0.029457354848511835,38_37:660; 38_39:660
39,108.9361676,74.32813795,4.992178041,-0.303264701,0.153333333,0.116666667,0.19,2000,0.000292914,0.000292914,0.000292914,undefined,undefined
40,74.62418305,71.25702308,5.230264382,-0.299660259,0.0305,0.0208,0.0402,2000,0.00044498,0.00044498,0.00044498,40_41:0.014086104010828299; 40_39:0.012901283349462583,40_41:660; 40_39:660
41,57.48895626,52.25398109,5.345152648,-0.299089721,0.0327,0.0298,0.0356,2000,0.000483186,0.000483186,0.000483186,41_28:0.01823698458387521,41_28:660
42,44.67841798,64.72232611,5.462051587,-0.29301124,0.0784,0.0244,0.1324,2000,0.000942304,0.000942304,0.000942304,42_41:0.022307393252687713; 42_43:0.018750163285507326,42_41:660; 42_43:660
43,120.2949717,90.97814395,5.218622598,-0.301012087,0.0583,0.0504,0.0662,2000,0.000497784,0.000497784,0.000497784,43_62:0.01775661071811896; 43_44:0.017452009858966583,43_62:660; 43_44:660
44,46.1965068,62.09864753,5.344783926,-0.295367659,0.3009,0.2748,0.327,2000,0.000589058,0.000589058,0.000589058,44_45:0.02489233662533158,44_45:660
45,98.11152161,51.02171158,5.205667216,-0.30115532,0.061666667,0.063333333,0.06,2000,0.000503976,0.000503976,0.000503976,45_46:0.015386505089231867,45_46:660
46,59.88082737,80.48345956,5.363516056,-0.295737475,0.2366,0.1158,0.3574,2000,0.000522839,0.000522839,0.000522839,46_47:0.017945830093226617,46_47:660
47,114.8387259,97.88792353,5.105889984,-0.302663833,0.2268,0.2216,0.232,2000,0.000540349,0.000540349,0.000540349,undefined,undefined
48,137.038998,32.58417391,5.132805476,-0.382532556,0.1222,0.1274,0.117,2000,0.000940137,0.000940137,0.000940137,48_47:0.02551274353736524,48_47:660
49,97.97055528,42.90648417,5.246619301,-0.300119379,0.0558,0.042,0.0696,2000,0.000608277,0.000608277,0.000608277,49_30:0.024333009354509577; 49_50:0.035927254268271896; 49_48:0.02522649274615879,49_30:660; 49_50:660; 49_48:660
50,49.29351866,34.33906525,5.286694917,-0.297958882,0.0768,0.1006,0.053,2000,0.00305261,0.00305261,0.00305261,50_51:0.0647484875974639,50_51:364
51,109.6616867,88.41241679,5.167991735,-0.300839874,0.046666667,0.046666667,0.046666667,2000,0.003550334,0.003550334,0.003550334,51_52:1,51_52:660
52,87.03936518,73.69585722,4.855347602,-0.305918477,0.1188,0.1846,0.053,2000,0.001213269,0.001213269,0.001213269,undefined,undefined
53,67.23424075,55.9128358,5.27747099,-0.299485951,0.025,0.036666667,0.013333333,2000,0.000534936,0.000534936,0.000534936,53_52:0.022205752631371006; 53_54:0.018527801394426946; 53_31:0.05513117721524166,53_52:1060; 53_54:660; 53_31:660
54,80.37255195,21.07337439,5.153545926,-0.222863287,0.185,0.16,0.21,2000,0.001364878,0.001364878,0.001364878,54_55:1,54_55:660
55,117.936592,36.99536524,5.21283321,-0.301573575,0.091666667,0.106666667,0.076666667,2000,0.000626181,0.000626181,0.000626181,undefined,undefined
56,111.5357951,37.98724244,5.170580143,-0.244021953,0.0842,0.0802,0.0882,2000,0.001095124,0.001095124,0.001095124,56_57:0.025068232271051177; 56_55:0.018270495216147875,56_57:660; 56_55:660
57,87.43873159,53.21901795,5.258595156,-0.299975957,0.0257,0.0326,0.0188,2000,0.000543019,0.000543019,0.000543019,57_58:0.019918381249357214; 57_32:0.012282246711985828,57_58:660; 57_32:660
58,48.15839571,39.37754226,5.381167832,-0.294759936,0.0565,0.0616,0.0514,2000,0.000942259,0.000942259,0.000942259,58_59:0.032657943928695754,58_59:660
59,48.20852226,56.37984243,5.446731922,-0.297209629,0.0097,0.011,0.0084,2000,0.001033128,0.001033128,0.001033128,59_66:0.044521252632484354,59_66:660
60,120.4650697,139.5901259,5.14036313,-0.30091896,0.012,0.0126,0.0114,2000,0.000479713,0.000479713,0.000479713,60_35:0.014480439063365241; 60_69:0.01591967645539641,60_35:660; 60_69:660
61,104.8433265,136.8135809,5.06549617,-0.303022338,0.0186,0.0248,0.0124,2000,0.000301675,0.000301675,0.000301675,61_73:0.014798454902956337; 61_39:0.009090168232504414,61_73:660; 61_39:660
62,52.39591791,68.31811623,5.316603273,-0.298042466,0.0502,0.0292,0.0712,2000,0.000661115,0.000661115,0.000661115,undefined,undefined
63,111.1760874,114.0855031,5.217370588,-0.300827851,0.1696,0.151,0.1882,2000,0.000569722,0.000569722,0.000569722,63_47:0.018593600159677953; 63_81:0.014798256168294305,63_47:660; 63_81:660
64,33.12221112,88.75763431,5.246091853,-0.300575705,0.08,0.09,0.07,2000,0.004921328,0.004921328,0.004921328,64_85:0.040838640272463894; 64_51:0.1895125065820309,64_85:660; 64_51:660
65,52.30242466,38.61621488,5.103339661,-0.302075309,0.195,0.153333333,0.236666667,2000,0.000524143,0.000524143,0.000524143,65_55:0.03290394418727263; 65_89:0.16428545294702387,65_55:660; 65_89:660
66,67.00662057,79.80815567,5.352346814,-0.29796084,0.019,0.0238,0.0142,2000,0.002948569,0.002948569,0.002948569,66_93:0.042995805377203156,66_93:660
67,142.1274812,44.0364913,5.119382693,-0.301793511,0.0288,0.025,0.0326,2000,0.000348252,0.000348252,0.000348252,67_68:0.014936574700626482; 67_94:1,67_68:660; 67_94:135
68,139.9119646,66.88277464,5.268501076,-0.298915894,0.0142,0.011,0.0174,2000,0.000480924,0.000480924,0.000480924,68_69:0.014543617478999266,68_69:660
69,110.7357189,40.83868687,5.207158059,-0.301408029,0.0158,0.0172,0.0144,2000,0.000563441,0.000563441,0.000563441,undefined,undefined
70,104.6649138,91.53821038,5.301491023,-0.297744557,0.0158,0.0162,0.0154,2000,0.000431921,0.000431921,0.000431921,70_69:0.01354941427519768; 70_71:0.011675123183615715,70_69:660; 70_71:660
71,79.15247519,41.47008042,5.234896227,-0.299768979,0.0309,0.0136,0.0482,2000,0.00057104,0.00057104,0.00057104,71_72:0.015081920453610703,71_72:660
72,40.67796069,36.06177913,5.18177658,-0.300189045,0.0751,0.0732,0.077,2000,0.000673755,0.000673755,0.000673755,72_73:0.021862364052637445,72_73:660
73,38.97207219,56.45690819,5.148028632,-0.302811953,0.1264,0.1332,0.1196,2000,0.000859387,0.000859387,0.000859387,undefined,undefined
74,36.69170814,11.42486244,5.084549869,-0.301338608,0.2104,0.2144,0.2064,2000,0.000720929,0.000720929,0.000720929,74_73:0.022937346673832765; 74_75:0.019239406285152555,74_73:660; 74_75:660
75,50.45934149,65.47466041,5.134212074,-0.300013106,0.1609,0.1644,0.1574,2000,0.003715345,0.003715345,0.003715345,75_96:0.04005847384079761,75_96:660
76,116.0027806,79.06827574,5.060818443,-0.302088454,0.2285,0.224,0.233,2000,0.000350156,0.000350156,0.000350156,76_75:0.014079014059799055; 76_77:0.00990076525242517,76_75:660; 76_77:660
77,94.74727314,56.65225209,5.161723327,-0.302109868,0.0144,0.0096,0.0192,2000,0.000340545,0.000340545,0.000340545,77_62:0.013670081634978376; 77_78:0.014558853355199214,77_62:660; 77_78:660
78,144.4887838,43.6486939,5.115018264,-0.300981835,0.0247,0.0136,0.0358,2000,0.000746949,0.000746949,0.000746949,78_79:0.02547740420817038,78_79:660
79,139.5864959,112.6784032,4.961277537,-0.303770113,0.0146,0.022,0.0072,2000,0.004907439,0.004907439,0.004907439,79_80:0.03752491920982301,79_80:660
80,93.69218735,110.7072592,5.008582668,-0.303224145,0.0147,0.018,0.0114,2000,0.001406597,0.001406597,0.001406597,80_81:0.011418554015236865,80_81:660
81,59.41808467,114.3023899,5.097094931,-0.303168562,0.0391,0.0454,0.0328,2000,0.00037452,0.00037452,0.00037452,undefined,undefined
82,122.8431733,119.8398564,4.972223557,-0.303459924,0.075,0.066666667,0.083333333,2000,0.000267111,0.000267111,0.000267111,82_81:0.00983205752113439,82_81:660
83,2.791333542,5.542674077,5.19791766,-0.348361511,0.085,0.133333333,0.036666667,2000,0.008753014,0.008753014,0.008753014,83_82:0.4083616620879515; 83_84:1,83_82:660; 83_84:660
84,79.29119941,65.05978264,5.148733816,-0.300301133,0.045,0.056666667,0.033333333,2000,0.000466004,0.000466004,0.000466004,84_85:0.016484317066298132,84_85:660
85,112.9637499,72.61178712,5.226895774,-0.300130482,0.058333333,0.076666667,0.04,2000,0.003529734,0.003529734,0.003529734,85_86:0.03543991404058214,85_86:660
86,91.26767603,80.43123072,5.27372671,-0.298268495,0.0401,0.0386,0.0416,2000,0.000416446,0.000416446,0.000416446,86_87:0.0161365498614634,86_87:660
87,123.1493463,72.20331269,5.038020439,-0.302729545,0.0539,0.0822,0.0256,2000,0.000349409,0.000349409,0.000349409,87_99:0.0205435114709418; 87_88:0.014892247069794778,87_99:660; 87_88:660
88,98.42909515,69.42393156,5.150762681,-0.30052409,0.03,0.0146,0.0454,2000,0.000370849,0.000370849,0.000370849,88_89:0.017755509359526273,88_89:660
89,62.82379744,33.43484673,5.0677422,-0.266112588,0.07,0.073333333,0.066666667,2000,0.000602573,0.000602573,0.000602573,undefined,undefined
90,95.50259601,76.39400691,5.329006984,-0.296955175,0.1428,0.098,0.1876,2000,0.000651522,0.000651522,0.000651522,90_89:0.014540329829171833,90_89:660
91,75.4768878,35.33557398,5.20550833,-0.29968741,0.0212,0.02,0.0224,2000,0.001910148,0.001910148,0.001910148,91_90:0.02314298059338804; 91_92:0.023996476298164815,91_90:660; 91_92:660
92,101.391051,22.10775335,5.144165121,0,0.0488,0.0458,0.0518,2000,0.001319004,0.001319004,0.001319004,92_93:0.02991806748734102,92_93:660
93,110.8488336,101.9839308,5.230085999,-0.300212268,0.01,0.01,0.01,2000,0.000695768,0.000695768,0.000695768,undefined,undefined
94,undefined,undefined,0,0,1,undefined,undefined,2000,1,1,1,94_101:1,94_101:135
95,68.27792302,11.07564031,5.346253989,-0.298279691,0.1,0.113333333,0.086666667,2000,0.001212616,0.001212616,0.001212616,95_71:0.026384222788723488; 95_105:0.048334964054626756,95_71:660; 95_105:660
96,82.78617363,90.71885469,5.154657415,-0.301751919,0.0937,0.1094,0.078,2000,0.001929679,0.001929679,0.001929679,undefined,undefined
97,103.1780015,74.6461843,5.117916773,-0.301812154,0.0909,0.0954,0.0864,2000,0.000563536,0.000563536,0.000563536,97_79:0.015370338500010933,97_79:660
98,43.12621012,13.97090484,5.381303095,-0.297581396,0.0355,0.039,0.032,2000,0.001055979,0.001055979,0.001055979,98_83:0.0997547622879534; 98_117:0.035712701787148055,98_83:660; 98_117:660
99,85.31605879,31.98641879,5.215519545,-0.300362239,0.0153,0.0194,0.0112,2000,0.001140179,0.001140179,0.001140179,undefined,undefined
100,79.12431699,56.45851483,5.302450523,-0.298740505,0.0127,0.0164,0.009,2000,0.000931422,0.000931422,0.000931422,100_91:0.020553046172260864,100_91:660
101,undefined,undefined,0,0,1,undefined,undefined,2000,1,1,1,101_102:1,101_102:135
102,undefined,undefined,0,0,1,undefined,undefined,2000,1,1,1,102_103:1,102_103:135
103,undefined,undefined,0,0,1,undefined,undefined,2000,1,1,1,103_104:1; 103_128:1,103_104:135; 103_128:135
104,92.71734221,54.2463639,5.181796529,-0.300550802,0.1231,0.118,0.1282,2000,0.000585805,0.000585805,0.000585805,104_105:0.028035587451464172,104_105:660
105,159.7100537,16.99362423,5.096866808,0,0.125,0.113333333,0.136666667,2000,0.001268351,0.001268351,0.001268351,undefined,undefined
106,54.26929977,15.25516096,5.306029793,-0.296654443,0.071666667,0.063333333,0.08,2000,0.001576473,0.001576473,0.001576473,106_105:0.04273605602852196; 106_107:0.021163086582025425,106_105:660; 106_107:660
107,124.1081082,31.46936987,5.089441683,-0.302485227,0.1213,0.1166,0.126,2000,0.00131021,0.00131021,0.00131021,107_108:0.03129877011222415,107_108:660
108,72.14723216,70.46791525,5.113424855,-0.302169651,0.0387,0.0572,0.0202,2000,0.001970904,0.001970904,0.001970904,undefined,undefined
109,55.53187082,71.80430181,5.324830098,-0.299066162,0.0585,0.048,0.069,2000,0.000504561,0.000504561,0.000504561,109_96:0.02281023343085936; 109_110:0.02857719129480152; 109_108:0.01809395285096488,109_96:660; 109_110:660; 109_108:660
110,35.29986913,46.94951067,5.372676327,-0.297832513,0.045,0.0498,0.0402,2000,0.000600994,0.000600994,0.000600994,110_111:0.027416112544425247,110_111:660
111,23.78193152,37.18667161,5.229869692,-0.301916726,0.0904,0.1384,0.0424,2000,0.000937614,0.000937614,0.000937614,111_112:0.03540657485676432; 111_130:1,111_112:660; 111_130:660
112,52.92932137,64.96181493,5.086546802,-0.294616426,0.0225,0.0296,0.0154,2000,0.000705248,0.000705248,0.000705248,112_113:0.024542723172187086,112_113:660
113,53.03378515,32.95421291,5.178653797,0,0.3917,0.381,0.4024,2000,0.001072985,0.001072985,0.001072985,113_97:0.02044068737902302; 113_114:0.024857419405040243,113_97:660; 113_114:660
114,98.36305917,56.37383444,5.219750536,-0.298820492,0.2369,0.2318,0.242,2000,0.000395135,0.000395135,0.000395135,114_115:0.012058207779799435,114_115:660
115,92.37477007,96.60971111,5.141953151,-0.302367235,0.1287,0.1618,0.0956,2000,0.000436543,0.000436543,0.000436543,undefined,undefined
116,124.5919395,35.73733771,5.044566721,-0.30233209,0.0245,0.0358,0.0132,2000,0.000361259,0.000361259,0.000361259,116_117:0.02237128998597837; 116_115:0.017721899897838983,116_117:660; 116_115:660
117,94.19629482,16.60875664,5.138707832,-0.296355972,0.092,0.113,0.071,2000,0.000574812,0.000574812,0.000574812,undefined,undefined
118,46.23961227,17.41353845,5.41353265,-0.294829974,0.0247,0.0296,0.0198,2000,0.000878138,0.000878138,0.000878138,118_119:0.025238341090859873; 118_117:0.046864086922763754,118_119:660; 118_117:660
119,79.29279099,36.36937235,5.29401683,-0.299997497,0.111666667,0.126666667,0.096666667,2000,0.00192291,0.00192291,0.00192291,119_120:1,119_120:660
120,79.90175431,72.21005548,5.118404805,-0.301703796,0.205,0.23,0.18,2000,0.00053906,0.00053906,0.00053906,120_121:0.011823103994532846,120_121:660
121,110.7407053,60.02201861,5.083707684,-0.302445383,0.0213,0.0226,0.02,2000,0.000437235,0.000437235,0.000437235,121_99:0.023202096495033103,121_99:660
122,61.5087592,35.43397855,5.293238954,-0.293972347,0.0473,0.055,0.0396,2000,0.011329349,0.011329349,0.011329349,122_123:0.046468301772759374; 122_121:0.06539524151066367,122_123:660; 122_121:660
123,67.86696583,58.91826412,5.139695344,-0.302222135,0.1172,0.0922,0.1422,2000,0.000448156,0.000448156,0.000448156,undefined,undefined
124,32.97461732,88.95680489,5.272659593,-0.298661357,0.0605,0.025,0.096,2000,0.000465873,0.000465873,0.000465873,124_125:0.015687536769972615; 124_123:0.01532267776937965,124_125:660; 124_123:660
125,175.142303,63.70815237,5.114243406,-0.30148889,0.0118,0.017,0.0066,2000,0.000383392,0.000383392,0.000383392,125_100:0.036772144401953866,125_100:660
126,34.07463286,47.5239961,5.526790801,-0.291482828,0.0918,0.0374,0.1462,2000,0.000749482,0.000749482,0.000749482,126_125:0.033983879355558105; 126_127:0.022467867905692163,126_125:1404; 126_127:660
127,56.71656457,54.27365402,5.309071597,-0.299237675,0.0361,0.0406,0.0316,2000,0.000431696,0.000431696,0.000431696,undefined,undefined
128,undefined,undefined,0,0,1,undefined,undefined,2000,1,1,1,128_137:1,128_137:135
129,100.1320239,42.38428101,5.183426885,-0.301465483,0.0112,0.0054,0.017,2000,0.00091775,0.00091775,0.00091775,129_107:0.013273391693025993; 129_141:0.01100750793003863,129_107:660; 129_141:660
130,93.64472019,119.8369422,5.189906143,-0.300630972,0.0143,0.0212,0.0074,2000,0.000321815,0.000321815,0.000321815,130_145:0.012942346069193478,130_145:660
131,82.21468545,128.2251503,5.099829494,-0.302194751,0.026,0.02,0.032,2000,0.000573112,0.000573112,0.000573112,131_115:0.020556729187215017; 131_149:0.013332264715199327,131_115:660; 131_149:660
132,103.0135683,59.57326347,5.149419354,-0.301250366,0.0743,0.1312,0.0174,2000,0.000989144,0.000989144,0.000989144,132_119:0.02398220177044913; 132_153:0.024544296490964318,132_119:660; 132_153:660
133,104.4662789,7.523406758,5.200656177,-0.300607748,0.0459,0.0582,0.0336,2000,0.000401525,0.000401525,0.000401525,133_123:0.014573274749260207; 133_157:0.013759140164658207,133_123:660; 133_157:660
134,119.5752379,115.7584621,5.108485824,-0.301775489,0.0129,0.016,0.0098,2000,0.000264768,0.000264768,0.000264768,134_161:0.010052238153060528; 134_127:0.017971007272314737,134_161:660; 134_127:764
135,undefined,undefined,0,0,1,undefined,undefined,2000,1,1,1,135_162:1; 135_136:1,135_162:135; 135_136:135
136,undefined,undefined,0,0,1,undefined,undefined,2000,1,1,1,136_137:1,136_137:135
137,undefined,undefined,0,0,1,undefined,undefined,2000,1,1,1,137_138:1,137_138:135
138,196.8002908,61.34631646,5.009219081,-0.303095026,0.0801,0.0796,0.0806,2000,0.000339341,0.000339341,0.000339341,138_139:0.013576689608797904,138_139:660
139,96.03438046,75.01969151,4.906884828,-0.305369794,0.0337,0.034,0.0334,2000,0.000405567,0.000405567,0.000405567,139_140:0.03839518241210446,139_140:660
140,125.1102232,7.079051139,4.98318388,-0.303758974,0.0421,0.0396,0.0446,2000,0.000620069,0.000620069,0.000620069,140_141:0.011566630566839015,140_141:660
141,51.34366869,30.748546,5.108035415,-0.302532531,0.064,0.0722,0.0558,2000,0.001515987,0.001515987,0.001515987,141_142:0.01359824472266416,141_142:660
142,97.8943851,39.02956425,5.19838458,-0.29965915,0.0115,0.0114,0.0116,2000,0.000481,0.000481,0.000481,142_143:0.012422899289424472,142_143:660
143,90.81027351,120.6711548,4.979652019,-0.304290053,0.0143,0.0158,0.0128,2000,0.000350112,0.000350112,0.000350112,143_144:0.009890078689827692,143_144:660
144,126.1192287,109.5915406,5.078982463,-0.300618603,0.0088,0.007,0.0106,2000,0.000363104,0.000363104,0.000363104,144_145:0.01060853470969289,144_145:660
145,131.0225467,80.86614021,5.017896149,-0.303792159,0.058333333,0.09,0.026666667,2000,0.000361513,0.000361513,0.000361513,145_146:0.016185100950237896,145_146:660
146,164.4432963,34.63942499,5.089706064,-0.302166675,0.165,0.113333333,0.216666667,2000,0.000995263,0.000995263,0.000995263,undefined,undefined
147,47.07324278,87.48695176,4.907287051,-0.305151486,0.045,0.066666667,0.023333333,2000,0.000504222,0.000504222,0.000504222,147_146:0.027483719298470932; 147_148:0.028108651312958227,147_146:860; 147_148:660
148,100.857332,120.0697375,5.067113405,-0.302420264,0.103333333,0.156666667,0.05,2000,0.000440021,0.000440021,0.000440021,148_149:0.011830657368915087,148_149:660
149,124.2672525,52.86472381,5.009162104,-0.303685773,0.1388,0.1204,0.1572,2000,0.000391181,0.000391181,0.000391181,undefined,undefined
150,63.63790637,48.97137747,5.105009614,-0.300825725,0.1415,0.1424,0.1406,2000,0.001196605,0.001196605,0.001196605,150_151:0.05002941656347493; 150_149:0.025523846092711383,150_151:660; 150_149:660
151,110.3456093,12.20723595,5.137730263,-0.301549883,0.108333333,0.13,0.086666667,2000,0.001275757,0.001275757,0.001275757,151_152:0.03516732190691135; 151_166:0.26072284297712994,151_152:660; 151_166:660
152,71.9052069,20.6585765,5.259381807,-0.27659821,0.0854,0.0832,0.0876,2000,0.000850338,0.000850338,0.000850338,152_153:0.02569083357789695,152_153:660
153,81.89279918,50.81356054,5.292641622,-0.300041826,0.1179,0.1012,0.1346,2000,0.00073094,0.00073094,0.00073094,153_154:0.017511234610374876,153_154:660
154,85.29420933,72.83889884,5.20067956,-0.299154677,0.0178,0.0168,0.0188,2000,0.000467253,0.000467253,0.000467253,154_155:0.01938997740472667,154_155:660
155,114.917312,19.11369202,5.065103625,-0.273999998,0.0444,0.041,0.0478,2000,0.001138831,0.001138831,0.001138831,155_167:0.02620170102631425; 155_156:0.02704248979517851,155_167:660; 155_156:660
156,82.31004799,31.14678961,5.146118039,-0.300664317,0.02,0.0218,0.0182,2000,0.001062972,0.001062972,0.001062972,156_157:0.02191274172862212,156_157:660
157,148.070952,95.0530431,5.055806158,-0.303136353,0.0898,0.0814,0.0982,2000,0.00039404,0.00039404,0.00039404,undefined,undefined
158,106.9118812,109.0880633,5.135051045,-0.300559539,0.0091,0.0082,0.01,2000,0.00038713,0.00038713,0.00038713,158_157:0.012845986420240457; 158_159:0.01738948171509966,158_157:660; 158_159:660
159,96.13858676,24.97494377,5.019146221,-0.269123751,0.0482,0.042,0.0544,2000,0.001161083,0.001161083,0.001161083,159_160:0.035761291133594,159_160:660
160,101.7591586,66.45003222,5.235292081,-0.298539173,0.0135,0.0138,0.0132,2000,0.000430384,0.000430384,0.000430384,160_161:0.011048814921773814,160_161:660
161,41.56954091,76.48325776,5.277734876,-0.299477846,0.0094,0.0124,0.0064,2000,0.000383986,0.000383986,0.000383986,undefined,undefined
162,95.32875073,121.9760589,4.998056471,-0.304277135,0.0211,0.0176,0.0246,2000,0.000343607,0.000343607,0.000343607,undefined,undefined
163,70.42900088,6.280787207,4.983002995,-0.285729435,0.081666667,0.1,0.063333333,2000,0.004613421,0.004613421,0.004613421,163_139:0.0324500226304717,163_139:660
164,40.770992,36.10744559,4.895961806,-0.2811525,0.058,0.0634,0.0526,2000,0.00174802,0.00174802,0.00174802,164_143:0.03517449268449632,164_143:660
165,63.69124991,89.75901605,4.956948729,-0.323220946,0.0167,0.0226,0.0108,2000,0.000546693,0.000546693,0.000546693,165_147:0.02996561737451514,165_147:660
166,97.53064454,43.22197721,5.10223409,-0.262467677,0.253333333,0.323333333,0.183333333,2000,0.00139519,0.00139519,0.00139519,undefined,undefined
167,88.69271056,40.764869,5.094050863,-0.301960515,0.1153,0.1504,0.0802,2000,0.001364257,0.001364257,0.001364257,undefined,undefined
168,87.87414537,55.09394073,5.054014303,-0.302915972,0.034,0.0392,0.0288,2000,0.000353288,0.000353288,0.000353288,168_159:0.020641895101321223,168_159:660
169,155.9357777,62.05359608,4.957652721,-0.305002103,0.0319,0.029,0.0348,2000,0.000347902,0.000347902,0.000347902,169_162:0.010439833230756701,169_162:660
170,52.64535471,117.8644229,5.210207506,-0.29898059,0.0214,0.015,0.0278,2000,0.000447195,0.000447195,0.000447195,170_171:0.01358911115736669; 170_169:0.012009532916387483,170_171:660; 170_169:660
171,77.73356801,76.68956071,4.99898495,-0.304533574,0.0331,0.0356,0.0306,2000,0.001109467,0.001109467,0.001109467,171_196:0.04992508840138207; 171_172:0.03169619186171052,171_196:860; 171_172:660
172,83.29508187,93.33422526,5.065864068,-0.302977402,0.1627,0.1564,0.169,2000,0.001475667,0.001475667,0.001475667,172_173:0.01705396228258871,172_173:660
173,25.76081382,53.84203617,5.023336957,-0.304180322,0.03,0.033333333,0.026666667,2000,0.000549906,0.000549906,0.000549906,173_174:0.0235798638104788; 173_163:0.2684681515458834,173_174:660; 173_163:660
174,53.44951031,74.2045903,5.166289424,-0.299702692,0.143333333,0.176666667,0.11,2000,0.000964414,0.000964414,0.000964414,174_175:0.04765860648797768,174_175:660
175,29.54688905,18.47083028,5.056767996,-0.25954088,0.085,0.093333333,0.076666667,2000,0.002939556,0.002939556,0.002939556,175_176:0.05176434308092184,175_176:660
176,94.61995357,37.85360327,4.895309721,-0.265365573,0.1937,0.1842,0.2032,2000,0.002194396,0.002194396,0.002194396,176_177:0.05077848154203604,176_177:660
177,51.12947337,85.15905797,4.929121104,-0.305847202,0.0524,0.051,0.0538,2000,0.000643125,0.000643125,0.000643125,177_178:0.015210746175923884; 177_164:0.17845646479193022,177_178:660; 177_164:660
178,104.9284555,58.49586247,5.115374749,-0.300478805,0.0099,0.0118,0.008,2000,0.000531158,0.000531158,0.000531158,178_179:0.014089254508004245,178_179:660
179,147.7709077,33.58102452,4.958012062,-0.305111345,0.0208,0.0206,0.021,2000,0.000266784,0.000266784,0.000266784,179_180:0.015229456139532083,179_180:660
180,61.7942081,105.315793,5.124091252,-0.301662625,0.0993,0.0876,0.111,2000,0.000415426,0.000415426,0.000415426,180_181:0.012674425926275018,180_181:660
181,52.81138934,81.99319776,5.089396665,-0.302625892,0.1645,0.1724,0.1566,2000,0.000630503,0.000630503,0.000630503,181_165:0.02042589532686115; 181_182:0.020436018355003444,181_165:660; 181_182:660
182,87.84710038,64.09922095,5.218443839,-0.298650737,0.0594,0.0638,0.055,2000,0.000510613,0.000510613,0.000510613,182_183:0.017572125623125268,182_183:660
183,128.626202,45.78088504,5.07512162,-0.270550479,0.1287,0.1346,0.1228,2000,0.00099883,0.00099883,0.00099883,183_184:0.016765361370705417,183_184:660
184,127.056257,101.5495708,5.110397752,-0.302052885,0.1336,0.1504,0.1168,2000,0.000561019,0.000561019,0.000561019,184_185:0.010743196748950468,184_185:660
185,196.776275,62.54207451,5.038893154,-0.303397087,0.168333333,0.2,0.136666667,2000,0.000332718,0.000332718,0.000332718,185_166:0.11027550408913633,185_166:660
186,59.03673415,44.15867298,5.291119215,-0.296957987,0.0534,0.0494,0.0574,2000,0.000613425,0.000613425,0.000613425,186_185:0.018054828002685153; 186_187:0.014618949411320442,186_185:660; 186_187:660
187,93.36122933,76.46679177,5.085935021,-0.302792443,0.1751,0.1736,0.1766,2000,0.00037836,0.00037836,0.00037836,undefined,undefined
188,120.242121,113.023952,4.99946321,-0.303026856,0.0411,0.0466,0.0356,2000,0.00046766,0.00046766,0.00046766,188_189:0.015131671937923974; 188_187:0.010570502099199519,188_189:660; 188_187:660
189,74.16494194,106.2020038,5.134086975,-0.302152213,0.0298,0.0346,0.025,2000,0.000592069,0.000592069,0.000592069,189_167:0.012394058035217037,189_167:660
190,41.49174067,21.28113254,5.391257594,-0.294411319,0.1407,0.1548,0.1266,2000,0.00180838,0.00180838,0.00180838,190_189:0.024268011186716842; 190_191:0.022110760406466756,190_189:660; 190_191:660
191,99.51373864,77.13080748,5.204505079,-0.301117274,0.013,0.0176,0.0084,2000,0.000518685,0.000518685,0.000518685,undefined,undefined
192,86.45850821,82.29736973,5.018207225,-0.30294918,0.0207,0.0216,0.0198,2000,0.0004311,0.0004311,0.0004311,192_191:0.012305435215945015,192_191:660
193,65.1513773,106.1562905,5.269871133,-0.299923486,0.0761,0.077,0.0752,2000,0.000404903,0.000404903,0.000404903,193_192:0.011855649978463001; 193_168:0.011481769546008325,193_192:660; 193_168:660
194,51.42904951,71.7959118,5.45692934,-0.293026037,0.0161,0.0166,0.0156,2000,0.000476077,0.000476077,0.000476077,194_193:0.015803893301475247; 194_195:0.012806337066213896,194_193:660; 194_195:660
195,105.2649655,62.80731145,5.324686595,-0.298729819,0.0072,0.0082,0.0062,2000,0.000365237,0.000365237,0.000365237,undefined,undefined
196,179.4318634,24.30872602,5.145628605,0,0.0631,0.0476,0.0786,2000,0.000783728,0.000783728,0.000783728,undefined,undefined
197,70.33077402,16.35916394,5.096536842,-0.302399196,0.108333333,0.1,0.116666667,2000,0.000517352,0.000517352,0.000517352,197_209:0.022605334544940042; 197_175:1,197_209:660; 197_175:660
198,107.7776389,27.11381616,5.052785335,-0.30345953,0.0155,0.0196,0.0114,2000,0.00050515,0.00050515,0.00050515,198_179:0.01256029655716065; 198_213:0.013337442709003722,198_179:660; 198_213:660
199,72.12201835,39.12495998,5.163486955,-0.301313617,0.0114,0.0118,0.011,2000,0.000365675,0.000365675,0.000365675,199_183:0.018577156323783928,199_183:660
200,43.61644721,64.4152136,5.231935674,-0.299036854,0.0169,0.0212,0.0126,2000,0.000629981,0.000629981,0.000629981,200_221:0.01276129527966205; 200_187:0.02260155706356204,200_221:660; 200_187:660
201,156.8048257,125.905685,5.081825595,-0.302525248,0.022,0.0204,0.0236,2000,0.000546875,0.000546875,0.000546875,201_191:0.010214385583118435; 201_225:0.009921738158157695,201_191:660; 201_225:660
202,94.14160531,55.45577236,5.418104929,-0.296903812,0.0517,0.0408,0.0626,2000,0.000476059,0.000476059,0.000476059,202_229:0.0146139320881008; 202_195:0.013888184017833344,202_229:660; 202_195:660
203,52.39123567,77.13863913,5.096006417,-0.302463553,0.0111,0.0156,0.0066,2000,0.000512856,0.000512856,0.000512856,undefined,undefined
204,81.97984836,106.8755505,5.019332022,-0.302288769,0.0239,0.015,0.0328,2000,0.000406304,0.000406304,0.000406304,204_205:0.023616308565945127; 204_203:0.013698447408762943,204_205:660; 204_203:660
205,58.44338588,99.6877284,5.103963972,-0.303265241,0.4159,0.1226,0.7092,2000,0.000687941,0.000687941,0.000687941,205_206:0.020464047439144928; 205_196:0.028861450347338946,205_206:660; 205_196:660
206,19.36516031,119.6929262,5.159805086,-0.300822396,0.0699,0.07,0.0698,2000,0.000589086,0.000589086,0.000589086,206_207:0.010240521497857119,206_207:660
207,150.3851547,67.58848361,5.068123993,-0.302585727,0.1041,0.0962,0.112,2000,0.000690008,0.000690008,0.000690008,207_208:0.011059799779604917,207_208:660
208,85.87700967,107.9099489,5.261352652,-0.298794517,0.1,0.126666667,0.073333333,2000,0.000450977,0.000450977,0.000450977,208_209:1,208_209:660
209,127.7074161,50.54210029,5.150862812,-0.292380333,0.048333333,0.043333333,0.053333333,2000,0.000762449,0.000762449,0.000762449,209_210:0.021738730964854375,209_210:660
210,79.92348988,25.75732179,5.184366153,-0.300136884,0.0534,0.0516,0.0552,2000,0.000592702,0.000592702,0.000592702,210_211:0.02269079878354352,210_211:660
211,42.62381732,100.3885544,5.062928902,-0.302752548,0.0342,0.041,0.0274,2000,0.000857168,0.000857168,0.000857168,211_232:0.01203698135917361; 211_212:0.02444887448465352,211_232:660; 211_212:660
212,84.97196265,94.8719061,5.255027819,-0.299075196,0.0198,0.0292,0.0104,2000,0.000387792,0.000387792,0.000387792,212_213:0.013502788490098894,212_213:660
213,99.83135309,65.67243119,5.185812235,-0.301619795,0.0198,0.0136,0.026,2000,0.00039615,0.00039615,0.00039615,213_214:0.013223776290117034,213_214:660
214,96.72737276,125.8926464,4.986067638,-0.303251862,0.0259,0.0266,0.0252,2000,0.000378681,0.000378681,0.000378681,214_215:0.015121819865387937,214_215:660
215,69.57508953,52.09045761,5.178322701,-0.30090604,0.0694,0.0704,0.0684,2000,0.000437449,0.000437449,0.000437449,215_233:0.014463462907531338; 215_216:0.012053403353937536,215_233:660; 215_216:660
216,110.5820942,61.45239074,5.115002859,-0.301277258,0.0211,0.032,0.0102,2000,0.000524209,0.000524209,0.000524209,undefined,undefined
217,75.71172174,50.37471827,5.375120936,-0.29892947,0.071666667,0.066666667,0.076666667,2000,0.00096688,0.00096688,0.00096688,217_218:0.024694014800733133; 217_199:0.015294946516294095; 217_216:0.015037092134638191,217_218:660; 217_199:660; 217_216:660
218,92.25774797,32.51249748,4.940139095,-0.303974854,0.088333333,0.096666667,0.08,2000,0.000577408,0.000577408,0.000577408,undefined,undefined
219,73.2430206,74.31843035,5.284676816,-0.298570786,0.2226,0.2202,0.225,2000,0.000434504,0.000434504,0.000434504,219_218:0.01820227760242521; 219_220:0.01848025573451173,219_218:660; 219_220:660
220,130.2134426,64.64639427,5.145779742,-0.29997869,0.07,0.096666667,0.043333333,2000,0.001518025,0.001518025,0.001518025,220_221:0.028397785792476732,220_221:660
221,116.5660386,53.23562895,5.168960543,-0.301600006,0.066666667,0.066666667,0.066666667,2000,0.001830718,0.001830718,0.001830718,undefined,undefined
222,95.7197703,59.39260155,5.224823873,-0.299215828,0.306666667,0.29,0.323333333,2000,0.006330085,0.006330085,0.006330085,222_221:0.06423021072466548; 222_223:0.051471937096893045,222_221:660; 222_223:660
223,94.55013691,29.68890284,5.11476019,-0.251890348,0.178333333,0.16,0.196666667,2000,0.011084446,0.011084446,0.011084446,223_224:0.08050374482420256; 223_235:1,223_224:660; 223_235:135
224,91.54767881,76.55401535,5.168470061,-0.300237163,0.0648,0.0716,0.058,2000,0.000628777,0.000628777,0.000628777,224_225:0.015111184449477871,224_225:660
225,147.3117298,102.5064364,5.031693672,-0.303094724,0.0194,0.0212,0.0176,2000,0.000313234,0.000313234,0.000313234,undefined,undefined
226,105.9879919,89.48596073,5.073332519,-0.30154905,0.018,0.0208,0.0152,2000,0.000696995,0.000696995,0.000696995,226_227:0.023464066712450354; 226_225:0.016067250640347586,226_227:660; 226_225:660
227,97.55412072,99.45267411,5.164392742,-0.300792054,0.0085,0.0094,0.0076,2000,0.000633128,0.000633128,0.000633128,227_228:0.02403136585488294,227_228:660
228,12.05403646,41.46969661,5.299811074,-0.297423391,0.0094,0.0072,0.0116,2000,0.000565932,0.000565932,0.000565932,228_229:0.012598658031172105,228_229:660
229,61.75342785,106.579817,5.366596751,-0.297882529,0.1579,0.118,0.1978,2000,0.000711725,0.000711725,0.000711725,undefined,undefined
230,52.04309205,18.6680134,4.942968615,-0.301604417,0.0561,0.0368,0.0754,2000,0.001009089,0.001009089,0.001009089,230_203:0.024272294631208585,230_203:660
231,40.53284738,63.0758597,5.116454273,-0.302365185,0.044,0.0482,0.0398,2000,0.000545691,0.000545691,0.000545691,231_207:0.011871094464138893,231_207:660
232,79.05536566,159.213754,5.112072851,-0.302362702,0.1004,0.1124,0.0884,2000,0.002529141,0.002529141,0.002529141,undefined,undefined
233,39.96666734,96.49714075,5.245138395,-0.299996548,0.0187,0.0202,0.0172,2000,0.000654332,0.000654332,0.000654332,undefined,undefined
234,83.15571567,57.07295598,5.159243644,-0.301278881,0.069,0.0688,0.0692,2000,0.000439714,0.000439714,0.000439714,234_219:0.014434446068625262,234_219:660
235,undefined,undefined,0,0,1,undefined,undefined,2000,1,1,1,235_257:1,235_257:135
236,80.66816627,97.75744753,5.072992126,-0.301865238,0.0117,0.0114,0.012,2000,0.000625218,0.000625218,0.000625218,236_227:0.041029116966487006,236_227:1060
237,75.36741581,35.0646359,5.02795204,-0.304113063,0.055,0.066666667,0.043333333,2000,0.000564617,0.000564617,0.000564617,237_230:0.021828580497944006; 237_238:0.030787886994273206,237_230:660; 237_238:660
238,111.2189814,29.60362393,5.187232901,-0.299564036,0.126666667,0.143333333,0.11,2000,0.000479296,0.000479296,0.000479296,238_239:0.032808238640078896,238_239:660
239,142.8133885,60.93546983,5.071610765,-0.303708173,0.022,0.0292,0.0148,2000,0.000624676,0.000624676,0.000624676,239_240:0.011417305912131415,239_240:660
240,211.1864486,106.3122303,4.92990708,-0.304696291,0.2257,0.2362,0.2152,2000,0.00033942,0.00033942,0.00033942,undefined,undefined
241,81.03257791,88.27402719,5.26089164,-0.300014835,0.028333333,0.033333333,0.023333333,2000,0.000589901,0.000589901,0.000589901,241_242:0.018923616800141374; 241_240:0.018772948734476658; 241_231:0.018610665107976043,241_242:660; 241_240:660; 241_231:660
242,59.70573883,98.59106031,5.094863148,-0.300779574,0.128333333,0.116666667,0.14,2000,0.00058823,0.00058823,0.00058823,242_243:0.01496649544034756,242_243:660
243,132.3912089,136.2608053,5.202476151,-0.301642021,0.0135,0.0158,0.0112,2000,0.000487981,0.000487981,0.000487981,243_244:0.01359550178221089,243_244:660
244,105.3308392,37.64540784,5.293389308,-0.298952949,0.0133,0.0182,0.0084,2000,0.000489055,0.000489055,0.000489055,244_245:0.03827143871510269,244_245:660
245,79.46946552,72.61182764,5.208183015,-0.301201425,0.0244,0.0306,0.0182,2000,0.000454892,0.000454892,0.000454892,245_246:0.024226846853035444; 245_232:0.01480518841030179,245_246:660; 245_232:660
246,60.10349185,11.73106325,5.374335333,-0.295290405,0.0304,0.0284,0.0324,2000,0.000695497,0.000695497,0.000695497,246_247:0.0247389892963627,246_247:660
247,122.6672653,52.63951695,5.147551407,-0.301851788,0.0439,0.0528,0.035,2000,0.000608276,0.000608276,0.000608276,247_248:0.021220515455398964,247_248:660
248,95.22308423,102.2027095,4.98428141,-0.303499255,0.0446,0.051,0.0382,2000,0.000515795,0.000515795,0.000515795,248_249:0.012182531902892924,248_249:660
249,90.44155247,85.54757316,5.033804402,-0.303652428,0.0546,0.0724,0.0368,2000,0.000362712,0.000362712,0.000362712,249_233:0.01668879921243105,249_233:660
250,40.40500696,22.45936443,5.43999669,-0.293795546,0.071,0.0802,0.0618,2000,0.001309744,0.001309744,0.001309744,250_249:0.021990753620443088; 250_251:0.023083303271684258,250_249:860; 250_251:660
251,84.49435826,59.22273054,5.182112484,-0.301930045,0.0282,0.0382,0.0182,2000,0.000449708,0.000449708,0.000449708,251_252:0.04224806919110924,251_252:660
252,67.33148303,43.19545473,5.029634824,-0.302934792,0.0177,0.0242,0.0112,2000,0.00052472,0.00052472,0.00052472,252_253:0.01415324720363495,252_253:660
253,65.24371884,41.43124832,5.128385812,-0.301976405,0.0126,0.0142,0.011,2000,0.000563726,0.000563726,0.000563726,253_254:0.02026448955682897; 253_234:0.019367551292691493,253_254:660; 253_234:660
254,67.97385562,53.84417631,5.318909056,-0.296364439,0.02,0.0268,0.0132,2000,0.000759773,0.000759773,0.000759773,254_255:0.03898347303592725,254_255:660
255,56.15532996,26.49172213,5.125307889,-0.207851552,0.173333333,0.18,0.166666667,2000,0.004383767,0.004383767,0.004383767,255_256:1,255_256:135
256,undefined,undefined,0,0,1,undefined,undefined,2000,1,1,1,256_257:1,256_257:135
257,undefined,undefined,0,0,1,undefined,undefined,2000,1,1,1,257_258:1,257_258:135
258,undefined,undefined,0,0,1,undefined,undefined,2000,1,1,1,258_259:1,258_259:135
259,undefined,undefined,0,0,1,undefined,undefined,2000,1,1,1,259_260:1; 259_269:1,259_260:135; 259_269:135
260,20.89187668,49.3644727,5.225563982,-0.265873575,0.072,0.067,0.077,2000,0.000893317,0.000893317,0.000893317,260_261:0.024759772538564706,260_261:660
261,95.75317221,55.76376831,5.259787828,-0.300085867,0.0643,0.0824,0.0462,2000,0.000514497,0.000514497,0.000514497,261_236:0.02786910719061364,261_236:660
262,11.05832858,15.30715982,5.484717952,-0.313371489,0.083333333,0.1,0.066666667,2000,0.005364417,0.005364417,0.005364417,262_263:0.1255320962347864; 262_261:0.09745621110604868,262_263:660; 262_261:660
263,54.29630616,86.29232924,5.371609329,-0.298168209,0.181666667,0.16,0.203333333,2000,0.00050113,0.00050113,0.00050113,undefined,undefined
264,109.4651675,66.4073263,5.299512049,-0.299465612,0.0635,0.0206,0.1064,2000,0.000590491,0.000590491,0.000590491,264_239:0.012217362189085229; 264_273:0.013679909032580928,264_239:660; 264_273:660
265,117.6075973,77.60814334,5.098351032,-0.302563869,0.0255,0.027,0.024,2000,0.000718622,0.000718622,0.000718622,265_243:0.019594656624573575; 265_277:0.020818357858147535,265_243:660; 265_277:660
266,80.78473184,58.91257412,5.176658396,-0.301726088,0.0923,0.0974,0.0872,2000,0.002149432,0.002149432,0.002149432,266_281:0.03310821329088828; 266_247:0.02392299573912421,266_281:660; 266_247:660
267,174.5813038,38.89776268,5.150489198,-0.267176915,0.0502,0.061,0.0394,2000,0.001335437,0.001335437,0.001335437,267_251:0.017857593903353203; 267_285:0.013013264928695006,267_251:660; 267_285:660
268,34.52921172,81.44334105,5.208403202,-0.300324233,0.046666667,0.053333333,0.04,2000,0.000622917,0.000622917,0.000622917,268_289:0.01916143595124109; 268_255:0.07289176828033403,268_289:660; 268_255:660
269,undefined,undefined,0,0,1,undefined,undefined,2000,1,1,1,269_293:1,269_293:135
270,42.88648501,88.77485834,5.31528993,-0.298459423,0.0216,0.0216,0.0216,2000,0.001987397,0.001987397,0.001987397,270_263:0.032928822151340825; 270_297:0.017981116954439852,270_263:660; 270_297:660
271,24.13479333,24.48723053,5.099307374,-0.301951244,0.0225,0.0208,0.0242,2000,0.000466365,0.000466365,0.000466365,271_272:0.01501742146821558,271_272:660
272,131.085627,21.13171428,5.277679122,-0.298298553,0.0207,0.0262,0.0152,2000,0.000578561,0.000578561,0.000578561,272_273:0.020174196144414097,272_273:660
273,221.9698133,52.13666122,4.918714016,-0.305977497,0.024,0.0288,0.0192,2000,0.000535189,0.000535189,0.000535189,undefined,undefined
274,90.66376323,99.32228005,5.127195216,-0.301068653,0.1067,0.0972,0.1162,2000,0.00045019,0.00045019,0.00045019,274_273:0.011304589114386338; 274_275:0.0634929665296369,274_273:660; 274_275:660
275,43.71936769,7.025004784,5.037951947,-0.303282775,0.1043,0.1418,0.0668,2000,0.006388861,0.006388861,0.006388861,275_276:0.0674789871806398,275_276:660
276,101.086307,111.4393668,5.188669124,-0.299788998,0.2018,0.2038,0.1998,2000,0.000379851,0.000379851,0.000379851,276_277:0.012196129873880718,276_277:660
277,72.99859102,123.1109376,5.245177671,-0.300505576,0.2126,0.2112,0.214,2000,0.001224451,0.001224451,0.001224451,277_278:0.043388618400628104,277_278:660
278,21.91327303,13.76916927,5.267939351,-0.298860275,0.1355,0.143,0.128,2000,0.002027572,0.002027572,0.002027572,278_279:0.03232349137696225,278_279:660
279,47.74137521,50.35607437,5.184735294,-0.300110796,0.0135,0.0134,0.0136,2000,0.000438138,0.000438138,0.000438138,279_280:0.024289198507517457,279_280:660
280,72.65585161,99.71336618,5.261213308,-0.298908322,0.0136,0.0202,0.007,2000,0.001115952,0.001115952,0.001115952,280_281:0.029439801053767478,280_281:660
281,120.1170766,81.89441812,5.126402804,-0.301768178,0.0455,0.0432,0.0478,2000,0.000456174,0.000456174,0.000456174,281_282:0.02286448775645991,281_282:660
282,23.87589436,40.12244718,5.296173632,-0.297644776,0.0074,0.0062,0.0086,2000,0.000699365,0.000699365,0.000699365,282_283:0.017741178848074718,282_283:660
283,120.9098341,88.96712153,5.221472266,-0.300038115,0.0099,0.0114,0.0084,2000,0.000355868,0.000355868,0.000355868,283_284:0.017190145032222742,283_284:660
284,54.12331573,44.83233524,5.123342022,-0.300838771,0.02,0.0198,0.0202,2000,0.000404932,0.000404932,0.000404932,284_285:0.013337007325876199,284_285:660
285,145.5319536,47.67776835,5.002338579,-0.304367592,0.0105,0.0148,0.0062,2000,0.000530991,0.000530991,0.000530991,undefined,undefined
286,58.70037537,55.49092613,5.373684211,-0.295662342,0.0125,0.0176,0.0074,2000,0.000472051,0.000472051,0.000472051,286_285:0.015278856015340542; 286_287:0.018938871437455124,286_285:660; 286_287:660
287,68.75775946,7.314111572,5.22058586,-0.299820191,0.0375,0.037,0.038,2000,0.000650276,0.000650276,0.000650276,287_288:0.02488149997057562,287_288:660
288,93.37221728,31.12232617,5.182383285,-0.272243703,0.0815,0.0766,0.0864,2000,0.00086125,0.00086125,0.00086125,288_289:0.01710211519621993,288_289:660
289,84.62720441,9.687189317,5.074204517,-0.302878895,0.0215,0.0146,0.0284,2000,0.000527583,0.000527583,0.000527583,289_290:1,289_290:135
290,undefined,undefined,0,0,1,undefined,undefined,2000,1,1,1,290_291:1,290_291:135
291,undefined,undefined,0,0,1,undefined,undefined,2000,1,1,1,291_292:1; 291_303:1,291_292:135; 291_303:135
292,undefined,undefined,0,0,1,undefined,undefined,2000,1,1,1,292_293:1,292_293:135
293,undefined,undefined,0,0,1,undefined,undefined,2000,1,1,1,293_294:1,293_294:135
294,221.9048012,117.4908443,5.049450477,-0.301915005,0.0285,0.0296,0.0274,2000,0.000328884,0.000328884,0.000328884,294_295:0.01217388517991888,294_295:660
295,125.9208989,92.21781439,5.176869365,-0.300780176,0.0166,0.0166,0.0166,2000,0.000397315,0.000397315,0.000397315,295_296:0.014446983781999101,295_296:660
296,105.1778587,47.52928612,5.268674943,-0.298318711,0.0963,0.1138,0.0788,2000,0.000960712,0.000960712,0.000960712,296_297:0.027967156235084556,296_297:660
297,116.4359774,150.5082617,5.10634678,-0.302144439,0.0095,0.014,0.005,2000,0.000582236,0.000582236,0.000582236,undefined,undefined
298,113.220764,120.856341,5.141170432,-0.302028037,0.0355,0.0396,0.0314,2000,0.000380334,0.000380334,0.000380334,298_271:0.013477590097940362,298_271:660
299,104.0019513,47.82865108,5.007466685,-0.303408472,0.1498,0.1702,0.1294,2000,0.0009968,0.0009968,0.0009968,299_275:0.08472632271407587,299_275:660
300,61.82707348,35.52953109,5.226794548,-0.300562097,0.0295,0.0372,0.0218,2000,0.000591492,0.000591492,0.000591492,300_279:0.01626661228564613,300_279:660
301,16.82267364,58.07405977,5.040273093,-0.302499311,0.0241,0.03,0.0182,2000,0.003119893,0.003119893,0.003119893,301_283:0.04387054996965317,301_283:660
302,77.24749157,45.32846979,5.102879234,-0.301846035,0.0575,0.0752,0.0398,2000,0.000434543,0.000434543,0.000434543,302_287:0.028554663698297206,302_287:660
303,67.51026559,21.53164613,5.238919422,-0.299985809,0.0722,0.072,0.0724,2000,0.00070918,0.00070918,0.00070918,undefined,undefined
304,60.32971637,89.1514188,5.130178275,-0.301669299,0.0568,0.0604,0.0532,2000,0.001052907,0.001052907,0.001052907,304_295:0.01570295492870563,304_295:660
305,165.3293933,103.6891557,5.037710167,-0.30374782,0.045,0.03,0.06,2000,0.000365801,0.000365801,0.000365801,305_298:0.012715911119277473; 305_306:0.07565341852100443,305_298:660; 305_306:660
306,154.7529187,41.87540816,4.988997136,-0.225322206,0.218333333,0.2,0.236666667,2000,0.000854449,0.000854449,0.000854449,306_307:1,306_307:135
307,undefined,undefined,0,0,1,undefined,undefined,2000,1,1,1,307_332:1; 307_308:1,307_332:135; 307_308:135
308,127.1317621,54.34817452,5.142932635,-0.301522644,0.0122,0.0154,0.009,2000,0.000436473,0.000436473,0.000436473,308_309:0.011092902214226957,308_309:660
309,114.4596354,136.509849,5.093589628,-0.302854345,0.0239,0.024,0.0238,2000,0.000370424,0.000370424,0.000370424,309_310:0.009371947505405154; 309_299:0.019166789378517957,309_310:660; 309_299:660
310,55.63239978,88.81651949,5.278023711,-0.297316073,0.0112,0.0152,0.0072,2000,0.000437436,0.000437436,0.000437436,310_311:0.012410964394953372,310_311:660
311,62.76247075,98.48456829,5.180433116,-0.302022906,0.0133,0.0144,0.0122,2000,0.00031361,0.00031361,0.00031361,311_312:0.01572865868777576,311_312:660
312,120.9595891,106.5290534,4.998222832,-0.303637559,0.0154,0.0232,0.0076,2000,0.00054034,0.00054034,0.00054034,312_313:0.01498113166755033,312_313:660
313,103.6706443,82.39148854,5.163158763,-0.301732284,0.0466,0.0514,0.0418,2000,0.00054168,0.00054168,0.00054168,313_300:0.017861323028432213,313_300:660
314,45.5542282,20.67052022,5.425051891,-0.293967504,0.043333333,0.073333333,0.013333333,2000,0.001626068,0.001626068,0.001626068,314_313:0.030442237272308437; 314_315:0.05205200717698344,314_313:660; 314_315:660
315,84.28378701,116.8989407,5.271646882,-0.300176116,0.083333333,0.12,0.046666667,2000,0.004824744,0.004824744,0.004824744,undefined,undefined
316,38.87547196,90.38036188,5.222877335,-0.299816617,0.07,0.083333333,0.056666667,2000,0.000734002,0.000734002,0.000734002,316_317:0.023603307862956918; 316_315:0.275309748283851,316_317:660; 316_315:660
317,122.7573554,16.25840969,5.284853662,-0.241832149,0.128333333,0.096666667,0.16,2000,0.001841098,0.001841098,0.001841098,317_301:0.106420314292283,317_301:660
318,19.04530325,22.68711972,5.44383125,-0.291212415,0.0153,0.024,0.0066,2000,0.001545057,0.001545057,0.001545057,318_317:0.038461332884258376; 318_319:0.02804547146235295,318_317:660; 318_319:660
319,92.6721594,109.9901559,5.262851947,-0.29993245,0.0113,0.0196,0.003,2000,0.0004096,0.0004096,0.0004096,undefined,undefined
320,116.1745721,52.29896299,5.178763989,-0.300099865,0.0148,0.0182,0.0114,2000,0.000463715,0.000463715,0.000463715,320_321:0.015641435292453182; 320_319:0.01403530810078188,320_321:660; 320_319:660
321,98.70084051,27.78441366,5.295037048,-0.299625322,0.0178,0.0182,0.0174,2000,0.000800429,0.000800429,0.000800429,321_302:0.02579202883566506,321_302:660
322,33.03197309,36.85141469,5.440276554,-0.293473891,0.0487,0.0472,0.0502,2000,0.000570706,0.000570706,0.000570706,322_321:0.09126637303568912; 322_323:0.02378203404710641,322_321:660; 322_323:660
323,67.31579933,80.42613997,5.374863416,-0.298591765,0.0143,0.0198,0.0088,2000,0.000466632,0.000466632,0.000466632,323_324:0.02806230177591082,323_324:660
324,77.00086421,99.03632173,5.163658085,-0.300450424,0.0171,0.0236,0.0106,2000,0.000574614,0.000574614,0.000574614,324_325:0.019388328697884732,324_325:660
325,73.48673267,78.84657158,5.202504242,-0.300870755,0.0455,0.0504,0.0406,2000,0.000517883,0.000517883,0.000517883,325_326:0.02906548887618518; 325_303:0.024382089980652027,325_326:660; 325_303:660
326,58.18370272,60.13599967,5.406383759,-0.294791144,0.06,0.066666667,0.053333333,2000,0.001222248,0.001222248,0.001222248,326_327:0.1341928503368876,326_327:660
327,119.0886881,46.91585715,5.126279814,-0.284143101,0.128333333,0.123333333,0.133333333,2000,0.001246379,0.001246379,0.001246379,undefined,undefined
328,90.87926232,29.5915643,5.184578712,-0.378799218,0.271666667,0.253333333,0.29,2000,0.001175267,0.001175267,0.001175267,328_329:0.0349573890767656; 328_327:0.10371225438331082,328_329:660; 328_327:660
329,98.40376046,66.38634209,5.102920575,-0.302177273,0.0625,0.0624,0.0626,2000,0.001098059,0.001098059,0.001098059,329_304:0.027883101883290157,329_304:660
330,46.63375667,77.96748366,5.327414821,-0.296276601,0.0667,0.076,0.0574,2000,0.000650938,0.000650938,0.000650938,330_329:0.016467743219363895; 330_331:0.01611770388412026,330_329:660; 330_331:660
331,86.51381703,71.44046474,5.275235094,-0.299645587,0.0369,0.035,0.0388,2000,0.000392554,0.000392554,0.000392554,undefined,undefined
332,187.8607032,33.1283675,5.043423397,-0.234989237,0.193333333,0.213333333,0.173333333,2000,0.000932993,0.000932993,0.000932993,332_341:0.07097354749081969,332_341:660
333,64.41924409,68.41191899,5.094337958,-0.302459275,0.045,0.056666667,0.033333333,2000,0.000475517,0.000475517,0.000475517,333_345:0.0773372958732059; 333_311:0.012464726828510464,333_345:1260; 333_311:660
334,28.96804602,84.51755489,5.13251276,-0.301058468,0.053333333,0.073333333,0.033333333,2000,0.000758214,0.000758214,0.000758214,334_349:0.019940934548192846; 334_315:0.04591265492296881,334_349:780; 334_315:660
335,89.97397374,107.6652745,5.39395601,-0.297555432,0.1369,0.1444,0.1294,2000,0.000692658,0.000692658,0.000692658,335_319:0.014804360306083009; 335_353:0.014447103282310941,335_319:660; 335_353:660
336,82.81043535,62.04042272,5.166475051,-0.301001429,0.0203,0.0204,0.0202,2000,0.000768237,0.000768237,0.000768237,336_323:0.02681727088760913; 336_357:0.017383361811584258,336_323:660; 336_357:660
337,78.04418896,87.9842841,5.289392823,-0.299034031,0.062,0.0568,0.0672,2000,0.000517432,0.000517432,0.000517432,337_327:0.016749069822563384; 337_361:0.02146412997362554,337_327:660; 337_361:660
338,64.86365294,14.34084027,5.175762641,-0.300570528,0.0089,0.0104,0.0074,2000,0.000330484,0.000330484,0.000330484,338_365:0.04116240453644393; 338_331:0.012330803589063688,338_365:660; 338_331:660
339,67.05910559,24.20876384,5.357385052,-0.297228739,0.068333333,0.086666667,0.05,2000,0.000767226,0.000767226,0.000767226,339_366:0.07417057522684745; 339_340:0.019369845347346343,339_366:660; 339_340:660
340,169.8070917,132.5681825,5.155736065,-0.30079776,0.0283,0.0322,0.0244,2000,0.00051555,0.00051555,0.00051555,340_341:0.028461869147612368,340_341:660
341,38.27490363,63.11389448,5.092507208,-0.298443806,0.025,0.046666667,0.003333333,2000,0.001293812,0.001293812,0.001293812,341_342:0.06654068647600855,341_342:660
342,80.25132932,58.07218345,5.042774286,-0.302109709,0.058333333,0.066666667,0.05,2000,0.001122803,0.001122803,0.001122803,undefined,undefined
343,60.43272937,111.4847465,5.294065687,-0.298725541,0.3219,0.2054,0.4384,2000,0.000622553,0.000622553,0.000622553,343_342:0.0257576954799682; 343_344:0.013743927141301987,343_342:660; 343_344:660
344,78.65408416,29.92762363,5.340067966,-0.297461171,0.0439,0.0412,0.0466,2000,0.000551197,0.000551197,0.000551197,344_345:0.02643878529698282,344_345:660
345,133.9220878,29.10341761,5.30537381,-0.271884081,0.05,0.046666667,0.053333333,2000,0.001328089,0.001328089,0.001328089,345_346:0.21116048444578672,345_346:660
346,93.92275964,56.74433224,5.094387926,-0.301026916,0.066666667,0.076666667,0.056666667,2000,0.000522314,0.000522314,0.000522314,346_347:0.016535102023988585,346_347:660
347,66.38442304,59.08053957,5.203436391,-0.301017683,0.0182,0.0252,0.0112,2000,0.000349617,0.000349617,0.000349617,347_348:0.015554588107865808,347_348:660
348,107.8625358,92.32151513,5.307417397,-0.297333899,0.0935,0.0894,0.0976,2000,0.001576384,0.001576384,0.001576384,348_349:0.039882157300253185,348_349:660
349,56.62586966,82.06109016,5.329230896,-0.299426098,0.12,0.143333333,0.096666667,2000,0.002501892,0.002501892,0.002501892,undefined,undefined
350,87.78108953,20.53929571,5.248604486,-0.298052742,0.1309,0.1112,0.1506,2000,0.001701526,0.001701526,0.001701526,350_349:0.028501444274961568; 350_351:0.025841928218816645,350_349:660; 350_351:660
351,62.2663177,27.87892569,5.313213756,-0.298145733,0.0307,0.0324,0.029,2000,0.000473272,0.000473272,0.000473272,351_352:0.013065850164031917,351_352:660
352,69.55009216,122.2320783,5.200906399,-0.299317701,0.0173,0.0186,0.016,2000,0.000368667,0.000368667,0.000368667,352_353:0.013287457055640078,352_353:660
353,86.22383592,66.68139063,5.339036011,-0.299338298,0.0641,0.0612,0.067,2000,0.000564057,0.000564057,0.000564057,353_354:0.03488508737065252,353_354:660
354,109.8195705,95.9049,5.059972354,-0.301814169,0.0807,0.0916,0.0698,2000,0.00058589,0.00058589,0.00058589,354_355:0.02447370657774861,354_355:660
355,108.1356859,18.89266619,5.165152938,-0.300405086,0.0886,0.1012,0.076,2000,0.001116627,0.001116627,0.001116627,355_370:0.02943225908335087; 355_356:0.02385527695556,355_370:660; 355_356:660
356,89.59547351,45.45616764,5.279855491,-0.297794669,0.012,0.0118,0.0122,2000,0.000382816,0.000382816,0.000382816,356_357:0.01541354547337137,356_357:660
357,66.12392559,80.98970022,5.351940488,-0.298826375,0.0095,0.0116,0.0074,2000,0.000361624,0.000361624,0.000361624,357_358:0.012090913003196285,357_358:660
358,97.69690114,68.37368511,5.225013156,-0.298833531,0.0306,0.0362,0.025,2000,0.000509626,0.000509626,0.000509626,358_359:0.012891943333315642,358_359:660
359,102.9658857,93.32543986,5.133213668,-0.300930718,0.0131,0.018,0.0082,2000,0.000416943,0.000416943,0.000416943,359_360:0.012900498213008066,359_360:660
360,49.53459101,99.00332964,5.251465603,-0.298545303,0.0158,0.0212,0.0104,2000,0.000356001,0.000356001,0.000356001,360_361:0.0123372295469375,360_361:660
361,118.8934145,41.367569,5.357761598,-0.298976749,0.1339,0.1516,0.1162,2000,0.000504787,0.000504787,0.000504787,undefined,undefined
362,80.06852582,130.7855897,5.311234556,-0.296448922,0.0191,0.0174,0.0208,2000,0.000431106,0.000431106,0.000431106,362_361:0.01367405673862973; 362_363:0.00992527161168677,362_361:660; 362_363:660
363,90.3755793,89.39962971,5.250958972,-0.298815346,0.0181,0.0186,0.0176,2000,0.000645178,0.000645178,0.000645178,363_364:0.01199259244447165,363_364:660
364,113.1201438,46.35921512,5.125702176,-0.300571181,0.0194,0.02,0.0188,2000,0.000470363,0.000470363,0.000470363,364_365:0.05671847485515508,364_365:660
365,80.40340549,63.12206447,5.255779479,-0.297631739,0.0177,0.0246,0.0108,2000,0.002463325,0.002463325,0.002463325,undefined,undefined
366,77.94294578,27.93017867,5.034584428,-0.281982378,0.058333333,0.07,0.046666667,2000,0.000838742,0.000838742,0.000838742,undefined,undefined
367,109.5885914,115.506723,5.147658093,-0.301278451,0.0178,0.02,0.0156,2000,0.000366404,0.000366404,0.000366404,367_343:0.015638097953165703,367_343:660
368,42.84264473,47.52623266,5.346229939,-0.297983452,0.0095,0.014,0.005,2000,0.000509057,0.000509057,0.000509057,368_347:0.018107593654532655,368_347:660
369,65.85670315,77.37718371,5.409808458,-0.29686281,0.0792,0.0868,0.0716,2000,0.000617762,0.000617762,0.000617762,369_351:0.02085317654356661,369_351:660
370,60.75066,17.69288618,5.223239267,-0.357308074,0.0803,0.0888,0.0718,2000,0.001218607,0.001218607,0.001218607,undefined,undefined
371,110.3424239,53.80502747,5.215263697,-0.300297158,0.0838,0.0992,0.0684,2000,0.000581975,0.000581975,0.000581975,371_359:0.018684374248786634,371_359:660
372,44.52497561,19.84044782,5.339665046,-0.297869053,0.0798,0.0758,0.0838,2000,0.000990982,0.000990982,0.000990982,372_363:0.02714965258810878,372_363:660
373,193.0703537,30.61462332,5.105385559,-0.302891267,0.0155,0.017,0.014,2000,0.000361309,0.000361309,0.000361309,373_366:0.017002920961406542,373_366:660
374,37.48262039,37.8453616,5.241149495,-0.22513963,0.1087,0.0994,0.118,2000,0.002315117,0.002315117,0.002315117,374_373:0.047702887615078876; 374_375:0.06313753144125694,374_373:660; 374_375:660
375,116.9902935,30.28377964,5.279321219,-0.25105828,0.1572,0.149,0.1654,2000,0.002783382,0.002783382,0.002783382,375_376:0.10097399029336625,375_376:660
376,82.46716497,89.15867014,5.319993099,-0.298579499,0.0725,0.0812,0.0638,2000,0.00108538,0.00108538,0.00108538,376_377:0.04365508230434112,376_377:660
377,92.89281911,65.22977582,5.28126113,-0.29983837,0.0309,0.0326,0.0292,2000,0.001535819,0.001535819,0.001535819,377_367:0.014755064372471205; 377_378:0.01908168762958612,377_367:660; 377_378:660
378,138.2533763,17.34436307,5.247915451,-0.264230582,0.2291,0.2272,0.231,2000,0.001382594,0.001382594,0.001382594,378_379:0.021525294318792076,378_379:660
379,104.5539061,73.28943199,5.154738449,-0.299465572,0.0159,0.0218,0.01,2000,0.002813881,0.002813881,0.002813881,379_380:0.03772398747244879,379_380:660
380,152.5214333,84.41154462,5.134570256,-0.30085389,0.0301,0.0466,0.0136,2000,0.003357269,0.003357269,0.003357269,380_381:0.026722635192217126,380_381:660
381,126.7838714,64.82113323,5.231164705,-0.300392191,0.2538,0.2412,0.2664,2000,0.000377439,0.000377439,0.000377439,381_368:0.015085524194121736; 381_382:0.014398463384036775,381_368:660; 381_382:660
382,87.4543527,36.29052259,5.280900618,-0.297428357,0.2022,0.2074,0.197,2000,0.000566501,0.000566501,0.000566501,382_383:0.026416309764306867,382_383:660
383,158.732843,76.35912487,5.165275076,-0.301500453,0.2862,0.307,0.2654,2000,0.000291363,0.000291363,0.000291363,383_384:0.011071809803339466,383_384:660
384,141.2151291,42.16629435,5.242195961,-0.299520158,0.0133,0.0182,0.0084,2000,0.000402464,0.000402464,0.000402464,384_385:0.009893140462085226,384_385:660
385,105.9347925,100.4094659,5.356048043,-0.298218299,0.0514,0.0596,0.0432,2000,0.000486944,0.000486944,0.000486944,385_369:0.012381544665277577; 385_386:0.023723926641177867,385_369:660; 385_386:660
386,31.75609196,46.7116033,5.519918599,-0.291708312,0.0939,0.1046,0.0832,2000,0.000865332,0.000865332,0.000865332,386_387:0.03623421200226068,386_387:660
387,79.20564128,59.2062558,5.351005307,-0.298701519,0.0179,0.0272,0.0086,2000,0.000538425,0.000538425,0.000538425,undefined,undefined
388,92.90575704,50.83330704,5.426545858,-0.295792714,0.055,0.0524,0.0576,2000,0.001520999,0.001520999,0.001520999,388_389:0.03718462552512122; 388_387:0.039854283903625304,388_389:660; 388_387:660
389,51.15787613,31.99022429,5.481605565,-0.296550803,0.098333333,0.1,0.096666667,2000,0.000843271,0.000843271,0.000843271,389_370:0.04435713386404505; 389_390:0.0877055527991482,389_370:660; 389_390:660
390,66.40585217,27.06631919,5.448365597,-0.258137968,0.245,0.246666667,0.243333333,2000,0.003575852,0.003575852,0.003575852,undefined,undefined
391,90.62344146,30.61947843,5.29056694,-0.299647066,0.0577,0.0356,0.0798,2000,0.00192609,0.00192609,0.00192609,391_392:0.01908520451837059; 391_390:0.03446852503760525,391_392:660; 391_390:660
392,66.76841386,87.38747446,5.402425959,-0.296636831,0.0172,0.0134,0.021,2000,0.000439316,0.000439316,0.000439316,392_393:0.014239097019485697,392_393:660
393,5.041389061,89.17422835,5.162703147,-0.301064656,0.0737,0.0778,0.0696,2000,0.000363066,0.000363066,0.000363066,393_371:0.013712092026941985,393_371:660
394,57.55612968,80.22972239,5.286378063,-0.296735425,0.013,0.015,0.011,2000,0.000546559,0.000546559,0.000546559,394_393:0.020820349920521924; 394_395:0.013865200762423674,394_393:660; 394_395:660
395,80.34539979,68.42776166,5.382514756,-0.298465631,0.033333333,0.04,0.026666667,2000,0.000460319,0.000460319,0.000460319,395_405:0.023289795396293916,395_405:660
396,129.7696256,12.03231273,5.251378646,-0.29873177,0.123333333,0.166666667,0.08,2000,0.000793104,0.000793104,0.000793104,396_395:0.043297307952948505; 396_397:0.08305753646541544,396_395:660; 396_397:660
397,63.84869692,14.86488302,5.384608408,-0.297617247,0.0271,0.0208,0.0334,2000,0.001202584,0.001202584,0.001202584,397_372:0.028250196567294023; 397_398:0.04030207287880755,397_372:660; 397_398:660
398,41.87542868,14.04495602,5.421965916,-0.293889764,0.103333333,0.136666667,0.07,2000,0.000896097,0.000896097,0.000896097,398_399:0.029369518863857857,398_399:660
399,29.80571452,15.80642904,5.166857303,-0.4027138,0.305,0.35,0.26,2000,0.001294564,0.001294564,0.001294564,undefined,undefined
400,202.5058995,30.57338322,5.198996505,-0.300801467,0.1189,0.1368,0.101,2000,0.002003735,0.002003735,0.002003735,400_408:0.026296802477489917; 400_375:0.04518027552128803,400_408:660; 400_375:660
401,164.4038464,123.7170593,5.23456112,-0.300037803,0.1091,0.098,0.1202,2000,0.00044088,0.00044088,0.00044088,401_379:0.015261735422181288; 401_412:0.010361953325259465,401_379:660; 401_412:660
402,27.64587594,47.13569036,5.300014071,-0.261761375,0.215,0.2184,0.2116,2000,0.000812596,0.000812596,0.000812596,402_416:0.01706582962849379; 402_383:0.020324566550108836,402_416:660; 402_383:660
403,171.566053,28.23753024,5.22557548,-0.300175389,0.0167,0.012,0.0214,2000,0.00049865,0.00049865,0.00049865,403_420:0.018569842645186907; 403_387:0.016590694812177703,403_420:660; 403_387:660
404,109.2102535,29.0899938,5.25000082,0,0.0636,0.039,0.0882,2000,0.000828568,0.000828568,0.000828568,404_391:0.040041914366113984; 404_424:0.03477111909595171,404_391:660; 404_424:660
405,144.0182653,13.59889034,5.236898882,-0.299805675,0.0074,0.0096,0.0052,2000,0.000344255,0.000344255,0.000344255,undefined,undefined
406,131.6318961,23.73694494,5.35446253,0,0.37,0.35,0.39,2000,0.000772986,0.000772986,0.000772986,406_432:0.011380550426818709; 406_399:0.022773853679807,406_432:660; 406_399:660
407,122.7671189,36.71148343,5.395186962,-0.327577643,0.115,0.1026,0.1274,2000,0.00103581,0.00103581,0.00103581,undefined,undefined
408,71.96002359,96.10310925,5.325325347,-0.299436562,0.1659,0.1766,0.1552,2000,0.0006474,0.0006474,0.0006474,408_409:0.030110808550014412; 408_407:0.013541093553568112,408_409:660; 408_407:660
409,171.0318791,88.45534519,5.261294349,0,0.42,0.3126,0.5274,2000,0.003344481,0.003344481,0.003344481,undefined,undefined
410,28.61337699,23.19768218,5.462627265,-0.295412727,0.0414,0.0358,0.047,2000,0.000936524,0.000936524,0.000936524,410_411:0.02260932046723238; 410_409:0.03937870772160523,410_411:660; 410_409:660
411,247.3257205,124.2316143,5.085210676,-0.301644681,0.081666667,0.083333333,0.08,2000,0.000315246,0.000315246,0.000315246,411_412:0.008791509081364807,411_412:660
412,127.7414639,12.7203987,5.277720033,-0.30052647,0.118333333,0.12,0.116666667,2000,0.000386166,0.000386166,0.000386166,412_413:0.025487901951908004,412_413:660
413,159.6661289,49.81058847,5.135859411,-0.301224657,0.2079,0.2106,0.2052,2000,0.002168999,0.002168999,0.002168999,413_414:0.03050359718528811,413_414:660
414,198.7668752,45.69890743,5.117155931,-0.300647796,0.053333333,0.05,0.056666667,2000,0.002201783,0.002201783,0.002201783,414_415:0.13961729808984674,414_415:660
415,0.832424705,13.76324975,5.149493408,-0.301362861,0.295,0.46,0.13,2000,0.078349077,0.078349077,0.078349077,415_416:0.05903303873880705,415_416:660
416,168.897431,107.6811879,5.259120836,-0.299586283,0.131666667,0.116666667,0.146666667,2000,0.000314047,0.000314047,0.000314047,416_417:0.021927088154997693,416_417:660
417,104.2098017,13.36340659,5.331449026,-0.297162289,0.0849,0.0782,0.0916,2000,0.000749758,0.000749758,0.000749758,417_418:0.013855228859601831,417_418:660
418,144.9280386,111.5337675,5.287486814,-0.297664158,0.0142,0.0108,0.0176,2000,0.000303055,0.000303055,0.000303055,418_419:0.009260556543227189,418_419:660
419,76.02507328,84.18381865,5.404093657,-0.296125884,0.0107,0.0126,0.0088,2000,0.000451567,0.000451567,0.000451567,419_420:0.012175709983100191,419_420:660
420,155.6059502,28.30744158,5.35740549,-0.298889955,0.0297,0.031,0.0284,2000,0.000506633,0.000506633,0.000506633,undefined,undefined
421,65.88355141,28.16723876,5.325920929,-0.260229169,0.1051,0.0782,0.132,2000,0.000537854,0.000537854,0.000537854,421_420:0.018557156912711537; 421_422:0.02603751722299963,421_420:660; 421_422:660
422,256.475331,93.60502395,5.089988332,-0.301818818,0.1494,0.168,0.1308,2000,0.000478691,0.000478691,0.000478691,undefined,undefined
423,99.29655002,22.44786978,5.266427184,-0.256574359,0.2275,0.2376,0.2174,2000,0.000487484,0.000487484,0.000487484,423_422:0.017491864774430765,423_422:660
424,142.071485,90.18693331,5.327729532,-0.299272008,0.0619,0.0584,0.0654,2000,0.000456898,0.000456898,0.000456898,424_425:0.015137971526129362; 424_423:0.024264275164391808,424_425:660; 424_423:660
425,61.1508088,88.69639912,5.234239338,-0.29856821,0.0449,0.0424,0.0474,2000,0.000530511,0.000530511,0.000530511,425_426:0.021253548204113876,425_426:660
426,144.9413895,67.10382699,5.203357856,-0.263387357,0.173333333,0.15,0.196666667,2000,0.000615058,0.000615058,0.000615058,undefined,undefined
427,106.8824108,82.08503354,5.351958183,-0.296630962,0.088333333,0.083333333,0.093333333,2000,0.000374877,0.000374877,0.000374877,427_428:0.010061509590629902; 427_426:1,427_428:660; 427_426:660
428,203.0588778,110.8546079,5.159293777,-0.30140513,0.0129,0.0062,0.0196,2000,0.000218544,0.000218544,0.000218544,428_405:0.007130215833479225,428_405:660
429,91.24644381,47.55600988,5.344097442,-0.296564722,0.0371,0.0396,0.0346,2000,0.000545875,0.000545875,0.000545875,429_430:0.038632331276952175; 429_428:0.012398903285932766,429_430:332; 429_428:660
430,145.1158749,28.63795326,5.296597872,-0.297951119,0.2624,0.2578,0.267,2000,0.006891811,0.006891811,0.006891811,430_431:0.0450453796038241,430_431:660
431,67.81799209,12.81081529,5.222469512,-0.29862764,0.027,0.03,0.024,2000,0.0007363,0.0007363,0.0007363,undefined,undefined
432,108.4475877,47.86266895,5.408195847,-0.297419956,0.0205,0.0186,0.0224,2000,0.001188131,0.001188131,0.001188131,432_431:0.01593922951960358,432_431:660
